<xml>
	<reporterMethod>
		<name>iTRAQ 4-plex</name>
		<reagentList>
			<reagent>
				<name>iTRAQ4Plex_114</name>
				<minus2>0.0</minus2>
				<minus1>1.0</minus1>
				<ref>100.0</ref>
				<plus1>5.9</plus1>
				<plus2>0.2</plus2>
			</reagent>
			<reagent>
				<name>iTRAQ4Plex_115</name>
				<minus2>0.0</minus2>
				<minus1>2.0</minus1>
				<ref>100.0</ref>
				<plus1>5.6</plus1>
				<plus2>0.1</plus2>
			</reagent>
			<reagent>
				<name>iTRAQ4Plex_116</name>
				<minus2>0.0</minus2>
				<minus1>3.0</minus1>
				<ref>100.0</ref>
				<plus1>4.5</plus1>
				<plus2>0.1</plus2>
			</reagent>
			<reagent>
				<name>iTRAQ4Plex_117</name>
				<minus2>0.1</minus2>
				<minus1>4.0</minus1>
				<ref>100.0</ref>
				<plus1>3.5</plus1>
				<plus2>0.1</plus2>
			</reagent>
		</reagentList>
	</reporterMethod>
	<reporterMethod>
		<name>iTRAQ 8-plex</name>
		<reagentList>
			<reagent>
				<name>iTRAQ8Plex_113</name>
				<minus2>0.0</minus2>
				<minus1>0.0</minus1>
				<ref>100.0</ref>
				<plus1>6.89</plus1>
				<plus2>0.22</plus2>
			</reagent>
			<reagent>
				<name>iTRAQ8Plex_114</name>
				<minus2>0.0</minus2>
				<minus1>0.94</minus1>
				<ref>100.0</ref>
				<plus1>5.9</plus1>
				<plus2>0.16</plus2>
			</reagent>
			<reagent>
				<name>iTRAQ8Plex_115</name>
				<minus2>0.0</minus2>
				<minus1>1.88</minus1>
				<ref>100.0</ref>
				<plus1>4.9</plus1>
				<plus2>0.1</plus2>
			</reagent>
			<reagent>
				<name>iTRAQ8Plex_116</name>
				<minus2>0.0</minus2>
				<minus1>2.82</minus1>
				<ref>100.0</ref>
				<plus1>3.9</plus1>
				<plus2>0.07</plus2>
			</reagent>
			<reagent>
				<name>iTRAQ8Plex_117</name>
				<minus2>0.06</minus2>
				<minus1>3.77</minus1>
				<ref>100.0</ref>
				<plus1>2.88</plus1>
				<plus2>0.0</plus2>
			</reagent>
			<reagent>
				<name>iTRAQ8Plex_118</name>
				<minus2>0.09</minus2>
				<minus1>4.71</minus1>
				<ref>100.0</ref>
				<plus1>1.88</plus1>
				<plus2>0.0</plus2>
			</reagent>
			<reagent>
				<name>iTRAQ8Plex_119</name>
				<minus2>0.14</minus2>
				<minus1>5.66</minus1>
				<ref>100.0</ref>
				<plus1>0.87</plus1>
				<plus2>0.0</plus2>
			</reagent>
			<reagent>
				<name>iTRAQ8Plex_121</name>
				<minus2>0.27</minus2>
				<minus1>7.44</minus1>
				<ref>100.0</ref>
				<plus1>0.18</plus1>
				<plus2>0.0</plus2>
			</reagent>
		</reagentList>
	</reporterMethod>
	<reporterMethod>
		<name>TMT 2-plex</name>
		<reagentList>
			<reagent>
				<name>TMT_126</name>
				<minus2>0.0</minus2>
				<minus1>0.0</minus1>
				<ref>100.0</ref>
				<plus1>0.0</plus1>
				<plus2>0.0</plus2>
			</reagent>
			<reagent>
				<name>TMT_127C</name>
				<minus2>0.0</minus2>
				<minus1>0.0</minus1>
				<ref>100.0</ref>
				<plus1>0.0</plus1>
				<plus2>0.0</plus2>
			</reagent>
		</reagentList>
	</reporterMethod>
	<reporterMethod>
		<name>TMT 6-plex (HCD)</name>
		<reagentList>
			<reagent>
				<name>TMT_126</name>
				<minus2>0.0</minus2>
				<minus1>0.0</minus1>
				<ref>100.0</ref>
				<plus1>6.1</plus1>
				<plus2>0.0</plus2>
			</reagent>
			<reagent>
				<name>TMT_127N</name>
				<minus2>0.0</minus2>
				<minus1>0.5</minus1>
				<ref>100.0</ref>
				<plus1>6.7</plus1>
				<plus2>0.0</plus2>
			</reagent>
			<reagent>
				<name>TMT_128C</name>
				<minus2>0.0</minus2>
				<minus1>1.1</minus1>
				<ref>100.0</ref>
				<plus1>4.2</plus1>
				<plus2>0.0</plus2>
			</reagent>
			<reagent>
				<name>TMT_129N</name>
				<minus2>0.0</minus2>
				<minus1>1.7</minus1>
				<ref>100.0</ref>
				<plus1>4.1</plus1>
				<plus2>0.0</plus2>
			</reagent>
			<reagent>
				<name>TMT_130C</name>
				<minus2>0.0</minus2>
				<minus1>2.8</minus1>
				<ref>100.0</ref>
				<plus1>2.5</plus1>
				<plus2>0.0</plus2>
			</reagent>
			<reagent>
				<name>TMT_131</name>
				<minus2>0.2</minus2>
				<minus1>3.2</minus1>
				<ref>100.0</ref>
				<plus1>2.8</plus1>
				<plus2>0.0</plus2>
			</reagent>
		</reagentList>
	</reporterMethod>
	<reporterMethod>
		<name>TMT 6-plex (ETD)</name>
		<reagentList>
			<reagent>
				<name>TMT_126_ETD</name>
				<minus2>0.0</minus2>
				<minus1>0.0</minus1>
				<ref>100.0</ref>
				<plus1>6.1</plus1>
				<plus2>0.0</plus2>
			</reagent>
			<reagent>
				<name>TMT_127N_ETD</name>
				<minus2>0.0</minus2>
				<minus1>0.5</minus1>
				<ref>100.0</ref>
				<plus1>6.7</plus1>
				<plus2>0.0</plus2>
			</reagent>
			<reagent>
				<name>TMT_128C_ETD</name>
				<minus2>0.0</minus2>
				<minus1>1.1</minus1>
				<ref>100.0</ref>
				<plus1>4.2</plus1>
				<plus2>0.0</plus2>
			</reagent>
			<reagent>
				<name>TMT_129N_ETD</name>
				<minus2>0.0</minus2>
				<minus1>1.7</minus1>
				<ref>100.0</ref>
				<plus1>4.1</plus1>
				<plus2>0.0</plus2>
			</reagent>
			<reagent>
				<name>TMT_130C_ETD</name>
				<minus2>0.0</minus2>
				<minus1>2.8</minus1>
				<ref>100.0</ref>
				<plus1>2.5</plus1>
				<plus2>0.0</plus2>
			</reagent>
			<reagent>
				<name>TMT_131_ETD</name>
				<minus2>0.2</minus2>
				<minus1>3.2</minus1>
				<ref>100.0</ref>
				<plus1>2.8</plus1>
				<plus2>0.0</plus2>
			</reagent>
		</reagentList>
	</reporterMethod>
	<reporterMethod>
		<name>TMT 10-plex</name>
		<reagentList>
			<reagent>
				<name>TMT_126</name>
				<minus2>0.0</minus2>
				<minus1>0.0</minus1>
				<ref>100.0</ref>
				<plus1>4.69</plus1>
				<plus2>0.0</plus2>
			</reagent>
			<reagent>
				<name>TMT_127N</name>
				<minus2>0.0</minus2>
				<minus1>0.4</minus1>
				<ref>100.0</ref>
				<plus1>6.5</plus1>
				<plus2>0.0</plus2>
			</reagent>
			<reagent>
				<name>TMT_127C</name>
				<minus2>0.0</minus2>
				<minus1>0.2</minus1>
				<ref>100.0</ref>
				<plus1>4.6</plus1>
				<plus2>0.3</plus2>
			</reagent>
			<reagent>
				<name>TMT_128N</name>
				<minus2>0.0</minus2>
				<minus1>0.9</minus1>
				<ref>100.0</ref>
				<plus1>4.7</plus1>
				<plus2>0.2</plus2>
			</reagent>
			<reagent>
				<name>TMT_128C</name>
				<minus2>0.1</minus2>
				<minus1>0.53</minus1>
				<ref>100.0</ref>
				<plus1>2.59</plus1>
				<plus2>0.0</plus2>
			</reagent>
			<reagent>
				<name>TMT_129N</name>
				<minus2>0.0</minus2>
				<minus1>0.73</minus1>
				<ref>100.0</ref>
				<plus1>2.49</plus1>
				<plus2>0.0</plus2>
			</reagent>
			<reagent>
				<name>TMT_129C</name>
				<minus2>0.0</minus2>
				<minus1>1.3</minus1>
				<ref>100.0</ref>
				<plus1>2.5</plus1>
				<plus2>0.0</plus2>
			</reagent>
			<reagent>
				<name>TMT_130N</name>
				<minus2>0.0</minus2>
				<minus1>1.2</minus1>
				<ref>100.0</ref>
				<plus1>2.8</plus1>
				<plus2>2.7</plus2>
			</reagent>
			<reagent>
				<name>TMT_130C</name>
				<minus2>0.1</minus2>
				<minus1>2.9</minus1>
				<ref>100.0</ref>
				<plus1>2.9</plus1>
				<plus2>0.0</plus2>
			</reagent>
			<reagent>
				<name>TMT_131</name>
				<minus2>0.0</minus2>
				<minus1>2.36</minus1>
				<ref>100.0</ref>
				<plus1>1.43</plus1>
				<plus2>0.0</plus2>
			</reagent>
		</reagentList>
	</reporterMethod>
</xml>
